feature,importance
focus_score,0.3801547878557647
typing_speed,0.22176332756085165
task_time,0.12366702469846201
fatigue_trend,0.08104496372210805
error_rate,0.07412100563033891
idle_time,0.06947470511524498
tab_switches,0.04977418541722985
